Temperatura,k(T)(seg)
313,0.00043
319,0.00103
323,0.0018
328,0.00355
333,0.00717
