Temperatura (K),k (dm^3/mol.s)
280,0.000145
285,0.000268
289,0.000432
297,0.001078
301,0.001672
306,0.002849
312,0.00528
